gamma,alpha,mean_infected,mean_allowed
0.1,1.0,1.3993150684931508,10.102739726027398
0.2,1.0,4.531506849315069,25.37671232876712
0.3,1.0,8.193150684931506,34.07534246575342
0.4,1.0,13.345205479452057,39.965753424657535
0.5,1.0,22.6541095890411,47.294520547945204
0.6,1.0,27.758904109589036,50.0
