gamma,alpha,global_mean_reward
0.1,1.0,36.53500000000001
0.2,1.0,136.11999999999995
0.3,1.0,323.06500000000017
0.4,1.0,528.74
0.5,1.0,718.575
0.6,1.0,1478.95
