gamma,alpha,global_mean_reward
0.1,1.0,36.53500000000001
0.2,1.0,153.01999999999995
0.3,1.0,364.96000000000004
0.4,1.0,612.6
0.5,1.0,917.375
0.6,1.0,1390.48
