gamma,alpha,mean_infected,mean_allowed
0.1,1.0,1.3993150684931508,10.102739726027398
0.2,1.0,5.325342465753424,27.397260273972602
0.3,1.0,11.216438356164385,39.22945205479452
0.4,1.0,20.944520547945203,48.56164383561644
0.5,1.0,41.73424657534246,61.095890410958894
0.6,1.0,98.79383561643837,99.98287671232876
