gamma,alpha,global_mean_reward
0.1,1.0,19.21
0.2,1.0,90.90666666666665
0.3,1.0,240.71333333333337
0.4,1.0,502.11333333333334
0.5,1.0,813.5833333333334
0.6,1.0,1481.2800000000002
