gamma,alpha,mean_infected,mean_allowed
0.1,1.0,1.2662100456621006,6.917808219178083
0.2,1.0,3.805936073059361,18.35616438356164
0.3,1.0,10.215525114155252,33.15068493150685
0.4,1.0,20.84018264840183,47.51141552511415
0.5,1.0,36.8,58.74429223744291
0.6,1.0,98.69132420091323,100.0
