gamma,alpha,global_mean_reward
0.1,1.0,19.410000000000004
0.2,1.0,86.14
0.3,1.0,223.33
0.4,1.0,459.56000000000006
0.5,1.0,732.925
0.6,1.0,1478.8600000000001
