gamma,alpha,global_mean_reward
0.1,1.0,17.334999999999997
0.2,1.0,82.53999999999999
0.3,1.0,217.70000000000005
0.4,1.0,440.91
0.5,1.0,716.775
0.6,1.0,1468.5
