gamma,alpha,mean_infected,mean_allowed
0.1,1.0,1.343150684931507,6.917808219178082
0.2,1.0,4.0623287671232875,18.595890410958905
0.3,1.0,10.78082191780822,33.32191780821917
0.4,1.0,22.564383561643837,47.97945205479452
0.5,1.0,39.060273972602744,58.35616438356165
0.6,1.0,99.17739726027398,100.0
