gamma,alpha,mean_infected,mean_allowed
0.1,1.0,1.3534246575342466,7.294520547945206
0.2,1.0,4.107534246575343,19.075342465753423
0.3,1.0,11.115753424657536,34.34931506849315
0.4,1.0,23.273287671232875,49.6917808219178
0.5,1.0,41.54246575342465,61.33561643835617
0.6,1.0,98.82260273972602,100.0
